{
  "train_loss": [
    1.7710251017757084,
    1.7391388675440913,
    1.7292470944964367,
    1.7330015275789343,
    1.7255499466605808
  ],
  "train_acc": [
    0.998641304347826,
    0.998641304347826,
    0.9989809782608695,
    0.9989809782608695,
    0.9993206521739131
  ],
  "val_acc": [
    0.02470152326060107,
    0.018526142445450804,
    0.022231370934540962,
    0.022231370934540962,
    0.025113215314944422
  ],
  "val_dist": [
    0.8689693816898781,
    0.8763557636674023,
    0.8746595485998604,
    0.8745111361017145,
    0.8627895177662152
  ]
}