{
  "loss": [
    4.010798454284668,
    3.8533544540405273,
    3.7862389087677,
    3.7403664588928223,
    3.6685733795166016,
    3.589650869369507,
    3.5649216175079346,
    3.4522461891174316,
    3.3363654613494873,
    3.282942295074463,
    3.227278709411621,
    3.1133389472961426
  ],
  "accuracy": [
    0.022911833599209785,
    0.03683294728398323,
    0.054524362087249756,
    0.034222736954689026,
    0.04756380617618561,
    0.06960556656122208,
    0.07656612247228622,
    0.09976798295974731,
    0.13341067731380463,
    0.13515080511569977,
    0.13834106922149658,
    0.18880510330200195
  ],
  "val_loss": [
    3.8212528228759766,
    3.785306453704834,
    3.7553887367248535,
    3.712066173553467,
    3.6620559692382812,
    3.6590778827667236,
    3.591543436050415,
    3.5724053382873535,
    3.521435260772705,
    3.4945764541625977,
    3.4239165782928467,
    3.370687484741211
  ],
  "val_accuracy": [
    0.060465116053819656,
    0.055813953280448914,
    0.041860464960336685,
    0.075581394135952,
    0.09534883499145508,
    0.08488371968269348,
    0.10232558101415634,
    0.12209302186965942,
    0.1093023270368576,
    0.1093023270368576,
    0.1406976729631424,
    0.15813954174518585
  ]
}