{
  "loss": [
    4.010798454284668,
    3.8533544540405273,
    3.7862389087677,
    3.7403664588928223,
    3.6685733795166016,
    3.589650869369507,
    3.5649216175079346,
    3.4522461891174316,
    3.3363654613494873,
    3.282942295074463,
    3.227278709411621,
    3.1133389472961426,
    3.884753465652466,
    3.7443971633911133,
    3.6557629108428955,
    3.5655672550201416,
    3.497025489807129,
    3.433229923248291
  ],
  "val_loss": [
    3.8212528228759766,
    3.785306453704834,
    3.7553887367248535,
    3.712066173553467,
    3.6620559692382812,
    3.6590778827667236,
    3.591543436050415,
    3.5724053382873535,
    3.521435260772705,
    3.4945764541625977,
    3.4239165782928467,
    3.370687484741211,
    3.4272708892822266,
    3.480334520339966,
    3.4956350326538086,
    3.4921677112579346,
    3.4806036949157715,
    3.4604427814483643
  ],
  "val_accuracy": [
    0.060465116053819656,
    0.055813953280448914,
    0.041860464960336685,
    0.075581394135952,
    0.09534883499145508,
    0.08488371968269348,
    0.10232558101415634,
    0.12209302186965942,
    0.1093023270368576,
    0.1093023270368576,
    0.1406976729631424,
    0.15813954174518585,
    0.1302325576543808,
    0.10581395030021667,
    0.10348837077617645,
    0.09534883499145508,
    0.09418604522943497,
    0.10000000149011612
  ],
  "accuracy": [
    0.022911833599209785,
    0.03683294728398323,
    0.054524362087249756,
    0.034222736954689026,
    0.04756380617618561,
    0.06960556656122208,
    0.07656612247228622,
    0.09976798295974731,
    0.13341067731380463,
    0.13515080511569977,
    0.13834106922149658,
    0.18880510330200195,
    0.031032482162117958,
    0.0542343370616436,
    0.06931554526090622,
    0.09628770500421524,
    0.10440835356712341,
    0.10701856017112732
  ]
}