{
  "precision": 0.21584944915161836,
  "recall": 0.25,
  "f1": 0.2057144794050229
}