{
  "precision": 0.11601288402044442,
  "recall": 0.11692054343351173,
  "f1_score": 0.09606468543754337
}