{"accuracy": [0.06356373429298401, 0.36726894974708557, 0.7081306576728821, 0.8968033194541931, 0.9732453227043152, 0.9965253472328186, 0.9986101388931274, 0.9993050694465637, 1.0, 1.0], "loss": [4.449129581451416, 3.4010393619537354, 2.1922097206115723, 1.2527421712875366, 0.6968640089035034, 0.3529539704322815, 0.23810555040836334, 0.1831669956445694, 0.14805561304092407, 0.1313357651233673], "val_accuracy": [0.017142856493592262, 0.0357142873108387, 0.02142857201397419, 0.02428571507334709, 0.02142857201397419, 0.019999999552965164, 0.02428571507334709, 0.0357142873108387, 0.025714285671710968, 0.025714285671710968], "val_loss": [4.614923477172852, 4.568533897399902, 4.621968746185303, 4.647060394287109, 4.63998556137085, 4.674123764038086, 4.670595645904541, 4.6851115226745605, 4.698482990264893, 4.6983561515808105], "learning_rate": [9.999999747378752e-05, 9.999999747378752e-05, 9.999999747378752e-05, 9.999999747378752e-05, 9.999999747378752e-05, 4.999999873689376e-05, 4.999999873689376e-05, 4.999999873689376e-05, 2.499999936844688e-05, 2.499999936844688e-05]}