{"accuracy": [0.0005236385622993112, 0.0009726413409225643, 0.002818166045472026, 0.0039653838612139225, 0.0057111503556370735, 0.006883307825773954], "loss": [7.734714508056641, 6.875401496887207, 6.144786834716797, 5.750890254974365, 5.48282527923584, 5.328496932983398], "val_accuracy": [0.00038880249485373497, 0.00029160187114030123, 0.00029160187114030123, 0.00038880249485373497, 0.00029160187114030123, 0.00029160187114030123], "val_loss": [7.950979709625244, 8.193536758422852, 8.637544631958008, 9.37650203704834, 10.451165199279785, 10.84673023223877]}