{
  "loss": [
    0.3118220396171926,
    0.14538843105451635,
    0.09273890494868052,
    0.07032925892795307,
    0.05917997321237887,
    0.054762198955712764,
    0.04732107652792874,
    0.040324022520623816,
    0.036988401935529575,
    0.034248989101246914
  ],
  "acc": [
    0.24600000000000002,
    0.214,
    0.21800000000000005,
    0.20799999999999996,
    0.214,
    0.17400000000000002,
    0.192,
    0.2,
    0.218,
    0.23
  ],
  "val_loss": [
    0.3118220396171926,
    0.14538843105451635,
    0.09273890494868052,
    0.07032925892795307,
    0.05917997321237887,
    0.054762198955712764,
    0.04732107652792874,
    0.040324022520623816,
    0.036988401935529575,
    0.034248989101246914
  ],
  "val_acc": [
    0.24600000000000002,
    0.214,
    0.21800000000000005,
    0.20799999999999996,
    0.214,
    0.17400000000000002,
    0.192,
    0.2,
    0.218,
    0.23
  ]
}