{
  "loss": [
    0.03965977859609356,
    0.033999610488369934,
    0.03232373002705089,
    0.031239578032081175,
    0.029644283107904033,
    0.031835906334591914,
    0.03228095317504348,
    0.02933898678746671,
    0.026952800674198835,
    0.027386150206962497
  ],
  "acc": [
    0.19199999999999995,
    0.21200000000000002,
    0.206,
    0.204,
    0.19999999999999996,
    0.20199999999999999,
    0.16599999999999998,
    0.19400000000000006,
    0.19799999999999998,
    0.182
  ],
  "val_loss": [
    0.03965977859609356,
    0.033999610488369934,
    0.03232373002705089,
    0.031239578032081175,
    0.029644283107904033,
    0.031835906334591914,
    0.03228095317504348,
    0.02933898678746671,
    0.026952800674198835,
    0.027386150206962497
  ],
  "val_acc": [
    0.19199999999999995,
    0.21200000000000002,
    0.206,
    0.204,
    0.19999999999999996,
    0.20199999999999999,
    0.16599999999999998,
    0.19400000000000006,
    0.19799999999999998,
    0.182
  ]
}