{
  "loss": 0.027386150206962497,
  "accuracy": 0.20600000000000002
}