{
  "precision": 0.48601619104915256,
  "recall": 0.4372093023255814,
  "f1": 0.42507842667019297
}