{"accuracy": [0.0003665689146146178, 0.0, 0.0007331378292292356, 0.0014662756584584713], "loss": [7.923299789428711, 7.911066055297852, 7.896297454833984, 7.836799621582031], "val_accuracy": [0.00036805300624109805, 0.00036805300624109805, 0.00036805300624109805, 0.0011041590478271246], "val_loss": [7.913085460662842, 7.913205623626709, 7.915536880493164, 7.922818660736084]}