{"accuracy": [0.012362637557089329, 0.013058419339358807, 0.026116838678717613, 0.029553264379501343, 0.04810996726155281, 0.055670104920864105, 0.07491409033536911, 0.07972508668899536, 0.08934707939624786, 0.11752577126026154], "loss": [4.7859296798706055, 4.690003871917725, 4.620671272277832, 4.5811028480529785, 4.508130073547363, 4.415642261505127, 4.311278820037842, 4.229754447937012, 4.127536296844482, 4.013531684875488], "val_accuracy": [0.009166666306555271, 0.011666666716337204, 0.017500000074505806, 0.01666666753590107, 0.019999999552965164, 0.02250000089406967, 0.03500000014901161, 0.0416666679084301, 0.04416666552424431, 0.040833331644535065], "val_loss": [4.710984230041504, 4.6860671043396, 4.670914649963379, 4.65826416015625, 4.639782905578613, 4.619480133056641, 4.591619491577148, 4.572886943817139, 4.545223236083984, 4.521157264709473], "learning_rate": [9.999999747378752e-05, 9.999999747378752e-05, 9.999999747378752e-05, 9.999999747378752e-05, 9.999999747378752e-05, 9.999999747378752e-05, 9.999999747378752e-05, 9.999999747378752e-05, 9.999999747378752e-05, 9.999999747378752e-05]}