{"lr": [9.999999747378752e-05, 9.999999747378752e-05, 9.999999747378752e-05, 9.999999747378752e-05, 9.999999747378752e-05, 9.999999747378752e-05, 9.999999747378752e-05, 9.999999747378752e-05, 9.999999747378752e-05, 9.999999747378752e-05, 9.999999747378752e-05, 9.999999747378752e-05, 9.999999747378752e-05, 9.999999747378752e-05, 9.999999747378752e-05, 9.999999747378752e-05, 9.999999747378752e-05, 9.999999747378752e-05, 9.999999747378752e-05, 9.999999747378752e-05, 9.999999747378752e-06, 9.999999747378752e-06, 9.999999747378752e-06, 9.999999747378752e-06, 4.999999873689376e-06, 4.999999873689376e-06], "loss": [5.32647705078125, 5.178648471832275, 5.030907154083252, 4.843080520629883, 4.643627166748047, 4.438415050506592, 4.207909107208252, 3.9563748836517334, 3.7359459400177, 3.499959945678711, 3.2774014472961426, 3.030473470687866, 2.8578126430511475, 2.6922690868377686, 2.487912654876709, 2.3267388343811035, 2.1491477489471436, 2.0296409130096436, 1.924303650856018, 1.7648191452026367, 4.75109338760376, 4.265138149261475, 3.94114089012146, 3.736449956893921, 3.535175085067749, 3.416613817214966], "accuracy": [0.00441576074808836, 0.01664402149617672, 0.04008152335882187, 0.07336956262588501, 0.10563858598470688, 0.13383151590824127, 0.15692934393882751, 0.21263587474822998, 0.24592390656471252, 0.292119562625885, 0.3400135934352875, 0.4069293439388275, 0.43614131212234497, 0.45889946818351746, 0.5027173757553101, 0.5444973111152649, 0.5879755616188049, 0.625, 0.64673912525177, 0.6864809989929199, 0.06453804671764374, 0.11413043737411499, 0.14877717196941376, 0.17900815606117249, 0.20176629722118378, 0.229619562625885], "val_loss": [5.279610633850098, 5.221999168395996, 5.149381637573242, 5.047904014587402, 4.950011730194092, 4.851089000701904, 4.7784423828125, 4.659200668334961, 4.622431755065918, 4.549249649047852, 4.5372209548950195, 4.457155704498291, 4.47343111038208, 4.443941116333008, 4.423775672912598, 4.4137864112854, 4.3980841636657715, 4.387739658355713, 4.361861228942871, 4.381511688232422, 4.479697227478027, 4.516208648681641, 4.522647380828857, 4.526895999908447, 4.5537872314453125, 4.557979106903076], "val_accuracy": [0.009057225659489632, 0.017702758312225342, 0.02799505926668644, 0.03869905322790146, 0.04775627702474594, 0.05146150663495064, 0.05804857984185219, 0.07575133442878723, 0.07245780527591705, 0.07986825704574585, 0.08151502907276154, 0.08151502907276154, 0.08439686894416809, 0.09345409274101257, 0.09221901744604111, 0.09715932607650757, 0.10086455196142197, 0.09468917548656464, 0.10127624869346619, 0.10456978529691696, 0.08727871626615524, 0.08192671835422516, 0.07616303116083145, 0.08027995377779007, 0.07657472044229507, 0.07204610854387283]}