{"accuracy": [0.0026881720405071974, 0.01075268816202879, 0.018817204982042313, 0.037634409964084625, 0.045698925852775574], "loss": [5.416505336761475, 5.243638515472412, 5.14128303527832, 5.063962459564209, 4.999904632568359], "val_accuracy": [0.004999999888241291, 0.004999999888241291, 0.009999999776482582, 0.0, 0.004999999888241291], "val_loss": [5.331167697906494, 5.329777240753174, 5.320146560668945, 5.331383228302002, 5.339818000793457]}