{
  "precision": 0.9189778730620315,
  "recall": 0.8960396039603961,
  "f1": 0.8883388251219229
}