{
  "loss": [
    0.040009238209743024,
    0.033308092131058925,
    0.03322673592080694,
    0.03362483743335948,
    0.03398441304943031,
    0.03369697576604285,
    0.032274291315673755,
    0.03056182344515156,
    0.02734891342756588,
    0.03019197686557963
  ],
  "acc": [
    0.19999999999999996,
    0.24800000000000005,
    0.228,
    0.204,
    0.182,
    0.20800000000000002,
    0.196,
    0.20999999999999996,
    0.23800000000000002,
    0.204
  ],
  "val_loss": [
    0.040009238209743024,
    0.033308092131058925,
    0.03322673592080694,
    0.03362483743335948,
    0.03398441304943031,
    0.03369697576604285,
    0.032274291315673755,
    0.03056182344515156,
    0.02734891342756588,
    0.03019197686557963
  ],
  "val_acc": [
    0.19999999999999996,
    0.24800000000000005,
    0.228,
    0.204,
    0.182,
    0.20800000000000002,
    0.196,
    0.20999999999999996,
    0.23800000000000002,
    0.204
  ]
}