{
  "loss": [
    0.31299996422939497,
    0.12307463221441539,
    0.0938756363217029,
    0.07295502672932457,
    0.0626605040678589,
    0.05611222293811248,
    0.05275480167185686,
    0.04234338687043792,
    0.040520269061075934,
    0.03220338894867788
  ],
  "acc": [
    0.25999999999999995,
    0.264,
    0.204,
    0.22200000000000003,
    0.19399999999999998,
    0.19,
    0.20800000000000002,
    0.184,
    0.19799999999999998,
    0.21
  ],
  "val_loss": [
    0.31299996422939497,
    0.12307463221441539,
    0.0938756363217029,
    0.07295502672932457,
    0.0626605040678589,
    0.05611222293811248,
    0.05275480167185686,
    0.04234338687043792,
    0.040520269061075934,
    0.03220338894867788
  ],
  "val_acc": [
    0.25999999999999995,
    0.264,
    0.204,
    0.22200000000000003,
    0.19399999999999998,
    0.19,
    0.20800000000000002,
    0.184,
    0.19799999999999998,
    0.21
  ]
}