{
  "loss": [
    0.31299996422939497,
    0.12307463221441539,
    0.0938756363217029,
    0.07295502672932457,
    0.0626605040678589,
    0.05611222293811248,
    0.05275480167185686,
    0.04234338687043792,
    0.040520269061075934,
    0.03220338894867788,
    0.040009238209743024,
    0.033308092131058925,
    0.03322673592080694,
    0.03362483743335948,
    0.03398441304943031,
    0.03369697576604285,
    0.032274291315673755,
    0.03056182344515156,
    0.02734891342756588,
    0.03019197686557963
  ],
  "acc": [
    0.25999999999999995,
    0.264,
    0.204,
    0.22200000000000003,
    0.19399999999999998,
    0.19,
    0.20800000000000002,
    0.184,
    0.19799999999999998,
    0.21,
    0.19999999999999996,
    0.24800000000000005,
    0.228,
    0.204,
    0.182,
    0.20800000000000002,
    0.196,
    0.20999999999999996,
    0.23800000000000002,
    0.204
  ],
  "val_loss": [
    0.31299996422939497,
    0.12307463221441539,
    0.0938756363217029,
    0.07295502672932457,
    0.0626605040678589,
    0.05611222293811248,
    0.05275480167185686,
    0.04234338687043792,
    0.040520269061075934,
    0.03220338894867788,
    0.040009238209743024,
    0.033308092131058925,
    0.03322673592080694,
    0.03362483743335948,
    0.03398441304943031,
    0.03369697576604285,
    0.032274291315673755,
    0.03056182344515156,
    0.02734891342756588,
    0.03019197686557963
  ],
  "val_acc": [
    0.25999999999999995,
    0.264,
    0.204,
    0.22200000000000003,
    0.19399999999999998,
    0.19,
    0.20800000000000002,
    0.184,
    0.19799999999999998,
    0.21,
    0.19999999999999996,
    0.24800000000000005,
    0.228,
    0.204,
    0.182,
    0.20800000000000002,
    0.196,
    0.20999999999999996,
    0.23800000000000002,
    0.204
  ]
}