{
  "precision": 0.06126644969717633,
  "recall": 0.05593685655456417,
  "f1_score": 0.04018991283276052
}