{
  "val_accuracy": [
    0.008233841508626938,
    0.01729106716811657,
    0.026348290964961052,
    0.04116920381784439,
    0.04487443342804909,
    0.05146150663495064,
    0.05599011853337288,
    0.059695348143577576,
    0.06257719546556473,
    0.06628242135047913,
    0.08110333234071732,
    0.0769864171743393,
    0.08027995377779007,
    0.07945656776428223,
    0.08316179364919662,
    0.08769040554761887,
    0.09263071417808533,
    0.08810210227966309,
    0.09633594006299973,
    0.10045286267995834,
    0.08439686894416809,
    0.07286949455738068,
    0.07492795586585999,
    0.07204610854387283,
    0.07369288057088852,
    0.06875257194042206
  ],
  "loss": [
    5.3271379470825195,
    5.170687198638916,
    5.021322727203369,
    4.835748195648193,
    4.6157941818237305,
    4.415099620819092,
    4.174480438232422,
    3.938936710357666,
    3.737619400024414,
    3.4749083518981934,
    3.282136917114258,
    3.088116407394409,
    2.8730149269104004,
    2.6959636211395264,
    2.5365772247314453,
    2.351971387863159,
    2.176191568374634,
    2.0453007221221924,
    1.896851897239685,
    1.7718932628631592,
    4.741711139678955,
    4.261962890625,
    3.968863010406494,
    3.695688009262085,
    3.5671677589416504,
    3.438312292098999
  ],
  "lr": [
    9.999999747378752e-05,
    9.999999747378752e-05,
    9.999999747378752e-05,
    9.999999747378752e-05,
    9.999999747378752e-05,
    9.999999747378752e-05,
    9.999999747378752e-05,
    9.999999747378752e-05,
    9.999999747378752e-05,
    9.999999747378752e-05,
    9.999999747378752e-05,
    9.999999747378752e-05,
    9.999999747378752e-05,
    9.999999747378752e-05,
    9.999999747378752e-05,
    9.999999747378752e-05,
    9.999999747378752e-05,
    9.999999747378752e-05,
    9.999999747378752e-05,
    9.999999747378752e-05,
    9.999999747378752e-06,
    9.999999747378752e-06,
    9.999999747378752e-06,
    9.999999747378752e-06,
    4.999999873689376e-06,
    4.999999873689376e-06
  ],
  "accuracy": [
    0.004076086916029453,
    0.022078804671764374,
    0.04313858598470688,
    0.07370924204587936,
    0.09952445328235626,
    0.13213315606117249,
    0.17832879722118378,
    0.215692937374115,
    0.24796195328235626,
    0.30638587474823,
    0.33084240555763245,
    0.3678668439388275,
    0.4334239065647125,
    0.46705162525177,
    0.496942937374115,
    0.5383831262588501,
    0.5849184989929199,
    0.6100543737411499,
    0.640625,
    0.6694973111152649,
    0.06623641401529312,
    0.10529891401529312,
    0.14470109343528748,
    0.18104620277881622,
    0.19327445328235626,
    0.22520379722118378
  ],
  "val_loss": [
    5.281515121459961,
    5.223859786987305,
    5.148855686187744,
    5.043598651885986,
    4.9403157234191895,
    4.844685077667236,
    4.75124454498291,
    4.664515018463135,
    4.589483737945557,
    4.5607686042785645,
    4.480589866638184,
    4.466035842895508,
    4.458995819091797,
    4.428458213806152,
    4.426054000854492,
    4.4005045890808105,
    4.407591819763184,
    4.376516342163086,
    4.362494468688965,
    4.392300605773926,
    4.454525470733643,
    4.5127363204956055,
    4.537224769592285,
    4.521032810211182,
    4.5401434898376465,
    4.537698745727539
  ]
}