{
  "loss": [
    4.741711139678955,
    4.261962890625,
    3.968863010406494,
    3.695688009262085,
    3.5671677589416504,
    3.438312292098999
  ],
  "accuracy": [
    0.06623641401529312,
    0.10529891401529312,
    0.14470109343528748,
    0.18104620277881622,
    0.19327445328235626,
    0.22520379722118378
  ],
  "val_loss": [
    4.454525470733643,
    4.5127363204956055,
    4.537224769592285,
    4.521032810211182,
    4.5401434898376465,
    4.537698745727539
  ],
  "val_accuracy": [
    0.08439686894416809,
    0.07286949455738068,
    0.07492795586585999,
    0.07204610854387283,
    0.07369288057088852,
    0.06875257194042206
  ],
  "lr": [
    9.999999747378752e-06,
    9.999999747378752e-06,
    9.999999747378752e-06,
    9.999999747378752e-06,
    4.999999873689376e-06,
    4.999999873689376e-06
  ]
}