{
  "accuracy": [
    0.6617188453674316,
    0.8715999126434326,
    0.9114187359809875,
    0.9299305081367493,
    0.9413783550262451
  ],
  "loss": [
    1.0653897523880005,
    0.38975778222084045,
    0.268290251493454,
    0.21057459712028503,
    0.1767093539237976
  ],
  "val_accuracy": [
    0.728132963180542,
    0.765813410282135,
    0.7669537663459778,
    0.7733834981918335,
    0.7794492244720459
  ],
  "val_loss": [
    1.6785889863967896,
    1.7874945402145386,
    2.118738889694214,
    2.6625354290008545,
    2.6433329582214355
  ]
}
