{"accuracy": [0.0034722222480922937, 0.01459346804767847, 0.024322446435689926, 0.02779708057641983, 0.04794996604323387, 0.050729673355817795, 0.09103544056415558, 0.09520500153303146, 0.1153578907251358, 0.15010423958301544, 0.16678248345851898, 0.21959693729877472, 0.24739402532577515, 0.2779708206653595, 0.3022932708263397, 0.3537178635597229, 0.3933286964893341, 0.4259902834892273, 0.46004170179367065, 0.494093120098114, 0.5086866021156311], "loss": [4.779169082641602, 4.6593194007873535, 4.561176300048828, 4.473927021026611, 4.40922737121582, 4.313388824462891, 4.22598123550415, 4.163533687591553, 4.077640056610107, 4.001891136169434, 3.923352003097534, 3.8283839225769043, 3.7354936599731445, 3.6521921157836914, 3.5529417991638184, 3.456648588180542, 3.346539258956909, 3.2735424041748047, 3.2085623741149902, 3.154789686203003, 3.078155517578125], "val_accuracy": [0.017045455053448677, 0.02556818164885044, 0.022727273404598236, 0.017045455053448677, 0.014204545877873898, 0.011363636702299118, 0.014204545877873898, 0.022727273404598236, 0.022727273404598236, 0.022727273404598236, 0.022727273404598236, 0.022727273404598236, 0.019886363297700882, 0.019886363297700882, 0.022727273404598236, 0.028409091755747795, 0.028409091755747795, 0.028409091755747795, 0.02556818164885044, 0.02556818164885044, 0.02556818164885044], "val_loss": [4.679830074310303, 4.652153491973877, 4.650997638702393, 4.6508378982543945, 4.642144203186035, 4.635234832763672, 4.628561019897461, 4.624306678771973, 4.620677471160889, 4.619741916656494, 4.6179094314575195, 4.615756988525391, 4.615320682525635, 4.6171979904174805, 4.618435859680176, 4.620016098022461, 4.621484756469727, 4.621856212615967, 4.6233229637146, 4.623380661010742, 4.622542858123779], "learning_rate": [9.999999747378752e-06, 9.999999747378752e-06, 9.999999747378752e-06, 9.999999747378752e-06, 9.999999747378752e-06, 9.999999747378752e-06, 9.999999747378752e-06, 9.999999747378752e-06, 9.999999747378752e-06, 9.999999747378752e-06, 9.999999747378752e-06, 9.999999747378752e-06, 9.999999747378752e-06, 9.999999747378752e-06, 9.999999747378752e-06, 9.999999747378752e-06, 9.999999747378752e-06, 4.999999873689376e-06, 4.999999873689376e-06, 4.999999873689376e-06, 4.999999873689376e-06]}