{
  "precision": 0.08697738146797106,
  "recall": 0.08439687114038699,
  "f1_score": 0.07379182388718533
}