{"accuracy": [0.007554945070296526, 0.12096220254898071, 0.3140893578529358, 0.5305842161178589, 0.7140893340110779, 0.8501718044281006], "loss": [4.764610767364502, 4.172032356262207, 3.555994987487793, 2.8135290145874023, 2.110684633255005, 1.4369663000106812], "val_accuracy": [0.011666666716337204, 0.012500000186264515, 0.028333334252238274, 0.03166666626930237, 0.03750000149011612, 0.04500000178813934], "val_loss": [4.633207321166992, 4.595573902130127, 4.5510573387146, 4.545705795288086, 4.525736331939697, 4.53779411315918], "learning_rate": [9.999999747378752e-05, 9.999999747378752e-05, 9.999999747378752e-05, 9.999999747378752e-05, 9.999999747378752e-05, 9.999999747378752e-05]}