{
  "precision": 0.11046431177125275,
  "recall": 0.08727871552079045,
  "f1_score": 0.0791741906547433
}