{
  "loss": 3.783179521560669,
  "accuracy": 0.18335500359535217
}