{
  "loss": [
    0.3011491194691675,
    0.1295289075066945,
    0.08614713841219615,
    0.06699791914423721,
    0.06132587777502034,
    0.048485903137340296,
    0.045974249082241264,
    0.04389016004849118,
    0.039223085636654484,
    0.03545534108812364
  ],
  "acc": [
    0.252,
    0.21199999999999997,
    0.214,
    0.22800000000000004,
    0.21,
    0.19599999999999998,
    0.23200000000000004,
    0.20199999999999999,
    0.22200000000000003,
    0.20999999999999996
  ],
  "val_loss": [
    0.3011491194691675,
    0.1295289075066945,
    0.08614713841219615,
    0.06699791914423721,
    0.06132587777502034,
    0.048485903137340296,
    0.045974249082241264,
    0.04389016004849118,
    0.039223085636654484,
    0.03545534108812364
  ],
  "val_acc": [
    0.252,
    0.21199999999999997,
    0.214,
    0.22800000000000004,
    0.21,
    0.19599999999999998,
    0.23200000000000004,
    0.20199999999999999,
    0.22200000000000003,
    0.20999999999999996
  ]
}