{"loss": [3.0550501346588135], "accuracy": [0.0451388880610466], "val_loss": [2.9867303371429443], "val_accuracy": [0.08677686005830765], "lr": [9.999999747378752e-05]}