{"accuracy": [0.006097560748457909, 0.006097560748457909, 0.015243902802467346, 0.018292682245373726, 0.03252032399177551, 0.042174797505140305, 0.04776422679424286, 0.06351625919342041, 0.08739837259054184, 0.09756097197532654, 0.12957316637039185, 0.1468495875597, 0.19308942556381226, 0.1981707364320755, 0.22560974955558777, 0.007621951401233673, 0.007113821338862181, 0.006097560748457909, 0.008638211525976658, 0.009146341122686863, 0.012195121496915817, 0.012195121496915817, 0.01778455264866352, 0.022357722744345665, 0.024390242993831635, 0.02286585420370102, 0.030487805604934692, 0.04268292710185051, 0.03658536449074745, 0.041158538311719894], "val_loss": [5.337734699249268, 5.334035873413086, 5.323587417602539, 5.336162090301514, 5.3325724601745605, 5.3230881690979, 5.331660270690918, 5.333025932312012, 5.319604873657227, 5.31082820892334, 5.279450416564941, 5.278597354888916, 5.269382476806641, 5.2310333251953125, 5.203714847564697, 5.362810134887695, 5.351489543914795, 5.353358268737793, 5.3438262939453125, 5.342360019683838, 5.343161582946777, 5.339513301849365, 5.344126224517822, 5.339135646820068, 5.337855339050293, 5.343226909637451, 5.339085102081299, 5.332055568695068, 5.34312629699707, 5.336820125579834], "loss": [5.393238067626953, 5.282681465148926, 5.218043327331543, 5.156571865081787, 5.082460403442383, 4.985511302947998, 4.881248474121094, 4.7581706047058105, 4.59496545791626, 4.46384859085083, 4.293320178985596, 4.145354270935059, 3.962247848510742, 3.8277289867401123, 3.6873526573181152, 5.418807506561279, 5.376706600189209, 5.3466796875, 5.30255126953125, 5.2613725662231445, 5.237726211547852, 5.1946210861206055, 5.1743011474609375, 5.152064800262451, 5.111018657684326, 5.111250400543213, 5.0719099044799805, 5.021171569824219, 5.01183557510376, 4.971680641174316], "lr": []
}