{"loss": [5.414827346801758, 5.264172554016113, 5.216618537902832, 5.157395839691162, 5.08318567276001, 4.992513656616211, 4.8520188331604, 4.742517948150635], "accuracy": [0.004065040498971939, 0.014227642677724361, 0.012195121496915817, 0.013719512149691582, 0.026422765105962753, 0.034044716507196426, 0.05538617819547653, 0.0625], "val_loss": [5.347785949707031, 5.350588321685791, 5.347484111785889, 5.34787130355835, 5.3581929206848145, 5.348601818084717, 5.353665828704834, 5.351401329040527], "val_accuracy": [0.0051124743185937405, 0.007157464046031237, 0.007157464046031237, 0.010224948637187481, 0.008179958909749985, 0.014314928092062473, 0.00920245423913002, 0.011247443966567516], "lr": []
}