{
  "loss": 5.36436128616333,
  "accuracy": 0.0026007802225649357
}