{
  "fold_val_accuracies": [
    0.040816325694322586,
    0.054421767592430115,
    0.0476190485060215
  ],
  "mean_val_accuracy": 0.047619047264258065
}