{"loss": [3.6433827877044678, 3.406874418258667, 3.193624258041382, 3.086516857147217, 2.9648783206939697, 2.869133710861206, 2.6460955142974854, 2.6051011085510254, 3.4010579586029053, 3.3761777877807617, 3.352940797805786, 3.2778544425964355, 3.2920217514038086], "learning_rate": [9.999999747378752e-05, 9.999999747378752e-05, 9.999999747378752e-05, 9.999999747378752e-05, 9.999999747378752e-05, 9.999999747378752e-05, 4.999999873689376e-05, 4.999999873689376e-05, 9.999999747378752e-06, 9.999999747378752e-06, 9.999999747378752e-06, 4.999999873689376e-06, 4.999999873689376e-06], "val_accuracy": [0.020408162847161293, 0.020408162847161293, 0.013605441898107529, 0.020408162847161293, 0.0476190485060215, 0.03401360660791397, 0.040816325694322586, 0.03401360660791397, 0.013605441898107529, 0.013605441898107529, 0.013605441898107529, 0.020408162847161293, 0.03401360660791397], "val_loss": [3.5147783756256104, 3.515526294708252, 3.5079691410064697, 3.5088958740234375, 3.523526430130005, 3.518103837966919, 3.5318851470947266, 3.545773506164551, 3.513418197631836, 3.513099193572998, 3.512685775756836, 3.520015001296997, 3.517184019088745], "accuracy": [0.03947368264198303, 0.08552631735801697, 0.12171052396297455, 0.13486842811107635, 0.22039473056793213, 0.22368420660495758, 0.33552631735801697, 0.3486842215061188, 0.03947368264198303, 0.06578947603702545, 0.06578947603702545, 0.09210526198148727, 0.08223684132099152]}