{"loss": [3.5867598056793213, 3.4137074947357178, 3.221142053604126, 3.0831284523010254, 2.9397361278533936, 2.8103950023651123, 2.620880603790283, 2.5760374069213867, 3.463111162185669, 3.413165330886841, 3.3401951789855957, 3.2814183235168457, 3.2581493854522705, 3.312614917755127], "learning_rate": [9.999999747378752e-05, 9.999999747378752e-05, 9.999999747378752e-05, 9.999999747378752e-05, 9.999999747378752e-05, 9.999999747378752e-05, 4.999999873689376e-05, 4.999999873689376e-05, 9.999999747378752e-06, 9.999999747378752e-06, 9.999999747378752e-06, 9.999999747378752e-06, 4.999999873689376e-06, 4.999999873689376e-06], "val_accuracy": [0.020408162847161293, 0.027210883796215057, 0.040816325694322586, 0.040816325694322586, 0.027210883796215057, 0.03401360660791397, 0.03401360660791397, 0.027210883796215057, 0.040816325694322586, 0.027210883796215057, 0.020408162847161293, 0.020408162847161293, 0.040816325694322586, 0.054421767592430115], "val_loss": [3.4651780128479004, 3.461001396179199, 3.4486453533172607, 3.475633144378662, 3.4881529808044434, 3.506660223007202, 3.5070900917053223, 3.5041861534118652, 3.430220365524292, 3.435581684112549, 3.4627532958984375, 3.463899850845337, 3.4840104579925537, 3.476156234741211], "accuracy": [0.042763158679008484, 0.05263157933950424, 0.10526315867900848, 0.12828947603702545, 0.1809210479259491, 0.22368420660495758, 0.3190789520740509, 0.35197368264198303, 0.0625, 0.07565789669752121, 0.0625, 0.09210526198148727, 0.11513157933950424, 0.07565789669752121]}