{"loss": [3.6753945350646973, 3.400935173034668, 3.2268149852752686, 3.0423097610473633, 2.9796974658966064, 2.8460705280303955, 2.7153563499450684, 2.627336025238037, 3.489605188369751, 3.431044816970825, 3.3522188663482666, 3.3196370601654053, 3.309950351715088], "learning_rate": [9.999999747378752e-05, 9.999999747378752e-05, 9.999999747378752e-05, 9.999999747378752e-05, 9.999999747378752e-05, 9.999999747378752e-05, 4.999999873689376e-05, 4.999999873689376e-05, 9.999999747378752e-06, 9.999999747378752e-06, 9.999999747378752e-06, 4.999999873689376e-06, 4.999999873689376e-06], "val_accuracy": [0.040816325694322586, 0.03401360660791397, 0.040816325694322586, 0.020408162847161293, 0.020408162847161293, 0.027210883796215057, 0.020408162847161293, 0.03401360660791397, 0.03401360660791397, 0.013605441898107529, 0.013605441898107529, 0.006802720949053764, 0.040816325694322586], "val_loss": [3.5103800296783447, 3.5083937644958496, 3.490865468978882, 3.5053274631500244, 3.5065743923187256, 3.527700424194336, 3.529709577560425, 3.530532121658325, 3.5011281967163086, 3.502250909805298, 3.5091915130615234, 3.5209803581237793, 3.520082950592041], "accuracy": [0.02631578966975212, 0.08881578594446182, 0.09210526198148727, 0.15131579339504242, 0.19078947603702545, 0.25, 0.28289473056793213, 0.34210526943206787, 0.04934210702776909, 0.055921051651239395, 0.04605263099074364, 0.0690789446234703, 0.08552631735801697]}