{
  "loss": 3.3641421794891357,
  "accuracy": 0.05277777835726738
}