{
  "val_accuracy": [
    0.055813953280448914,
    0.07325581461191177,
    0.07441860437393188,
    0.10000000149011612,
    0.11279069632291794,
    0.11162790656089783,
    0.13953489065170288,
    0.1523255854845047,
    0.17093023657798767,
    0.18720930814743042,
    0.22674418985843658,
    0.22558139264583588,
    0.27441859245300293,
    0.2953488230705261,
    0.35232558846473694,
    0.38720929622650146,
    0.39767441153526306,
    0.4151162803173065,
    0.41860464215278625,
    0.41976743936538696,
    0.4267441928386688,
    0.4337209165096283,
    0.4372093081474304,
    0.4372093081474304
  ],
  "val_loss": [
    3.779101610183716,
    3.751849889755249,
    3.752441167831421,
    3.6861636638641357,
    3.6309587955474854,
    3.600114107131958,
    3.675477981567383,
    3.7766242027282715,
    3.6757068634033203,
    3.7309327125549316,
    3.5785045623779297,
    3.6737592220306396,
    3.1421923637390137,
    2.8401148319244385,
    2.6506171226501465,
    2.5554070472717285,
    2.518723249435425,
    2.47393536567688,
    2.452136993408203,
    2.426145553588867,
    2.4148576259613037,
    2.3928771018981934,
    2.3884005546569824,
    2.365009069442749
  ],
  "accuracy": [
    0.029872389510273933,
    0.10150811821222305,
    0.2540603280067444,
    0.43938514590263367,
    0.58149653673172,
    0.63950115442276,
    0.6734338998794556,
    0.686194896697998,
    0.70649653673172,
    0.7412993311882019,
    0.7465197443962097,
    0.7633410692214966,
    0.4164733290672302,
    0.4941995441913605,
    0.6093387603759766,
    0.6925753951072693,
    0.7491299510002136,
    0.7888631224632263,
    0.8196055889129639,
    0.8309164643287659,
    0.84599769115448,
    0.8529582619667053,
    0.8561484813690186,
    0.8674594163894653
  ],
  "loss": [
    3.856682538986206,
    3.4497787952423096,
    2.7975611686706543,
    2.2032358646392822,
    1.795414686203003,
    1.5445574522018433,
    1.3925422430038452,
    1.2669322490692139,
    1.1330153942108154,
    1.0762577056884766,
    1.1066581010818481,
    1.0002191066741943,
    3.452277898788452,
    2.3853139877319336,
    1.7317571640014648,
    1.3267223834991455,
    1.1137858629226685,
    0.9766409397125244,
    0.8800628781318665,
    0.8123783469200134,
    0.7601181268692017,
    0.7128852009773254,
    0.6740755438804626,
    0.6413984298706055
  ]
}