{"loss": [5.321133613586426, 5.164193153381348, 4.976366996765137, 4.732088088989258, 4.485198974609375, 4.225375175476074, 3.9882941246032715, 3.737884759902954, 3.5034632682800293, 3.2636051177978516, 3.0422136783599854, 2.839076519012451], "accuracy": [0.0044277929700911045, 0.02179836481809616, 0.0425749309360981, 0.08072207123041153, 0.10694822669029236, 0.15258856117725372, 0.17983651161193848, 0.2288828343153, 0.2697547674179077, 0.3007493317127228, 0.3630790114402771, 0.39679837226867676], "val_loss": [5.279764652252197, 5.185372829437256, 5.059611797332764, 4.898306846618652, 4.768136501312256, 4.663681983947754, 4.570408821105957, 4.482761859893799, 4.44329833984375, 4.440205097198486, 4.349449157714844, 4.326138019561768], "val_accuracy": [0.011527377180755138, 0.02140798605978489, 0.031288597732782364, 0.04528612643480301, 0.0564018115401268, 0.06257719546556473, 0.0695759579539299, 0.07533964514732361, 0.08563194423913956, 0.08933717757463455, 0.0959242507815361, 0.10786332190036774], "lr": [9.999999747378752e-05, 9.999999747378752e-05, 9.999999747378752e-05, 9.999999747378752e-05, 9.999999747378752e-05, 9.999999747378752e-05, 9.999999747378752e-05, 9.999999747378752e-05, 9.999999747378752e-05, 9.999999747378752e-05, 9.999999747378752e-05, 9.999999747378752e-05]}