{"val_accuracy": [0.011527377180755138, 0.02140798605978489, 0.031288597732782364, 0.04528612643480301, 0.0564018115401268, 0.06257719546556473, 0.0695759579539299, 0.07533964514732361, 0.08563194423913956, 0.08933717757463455, 0.0959242507815361, 0.10786332190036774, 0.082750104367733, 0.0695759579539299, 0.07286949455738068, 0.0769864171743393, 0.08604364097118378, 0.08933717757463455, 0.09345409274101257, 0.10168793797492981, 0.10868670046329498, 0.1070399358868599, 0.11074516177177429, 0.11692054569721222], "val_loss": [5.279764652252197, 5.185372829437256, 5.059611797332764, 4.898306846618652, 4.768136501312256, 4.663681983947754, 4.570408821105957, 4.482761859893799, 4.44329833984375, 4.440205097198486, 4.349449157714844, 4.326138019561768, 4.5116071701049805, 4.5733137130737305, 4.530983924865723, 4.492789268493652, 4.447956562042236, 4.4029436111450195, 4.3599114418029785, 4.331928730010986, 4.28195858001709, 4.251657009124756, 4.208117485046387, 4.177972316741943], "loss": [5.321133613586426, 5.164193153381348, 4.976366996765137, 4.732088088989258, 4.485198974609375, 4.225375175476074, 3.9882941246032715, 3.737884759902954, 3.5034632682800293, 3.2636051177978516, 3.0422136783599854, 2.839076519012451, 4.6220598220825195, 4.169135570526123, 3.951164484024048, 3.74463152885437, 3.6172680854797363, 3.4982378482818604, 3.3901755809783936, 3.3202223777770996, 3.2599472999572754, 3.152090072631836, 3.0727856159210205, 3.0042715072631836], "lr": [9.999999747378752e-05, 9.999999747378752e-05, 9.999999747378752e-05, 9.999999747378752e-05, 9.999999747378752e-05, 9.999999747378752e-05, 9.999999747378752e-05, 9.999999747378752e-05, 9.999999747378752e-05, 9.999999747378752e-05, 9.999999747378752e-05, 9.999999747378752e-05, 9.999999747378752e-06, 9.999999747378752e-06, 9.999999747378752e-06, 9.999999747378752e-06, 9.999999747378752e-06, 9.999999747378752e-06, 9.999999747378752e-06, 9.999999747378752e-06, 9.999999747378752e-06, 9.999999747378752e-06, 9.999999747378752e-06, 9.999999747378752e-06], "accuracy": [0.0044277929700911045, 0.02179836481809616, 0.0425749309360981, 0.08072207123041153, 0.10694822669029236, 0.15258856117725372, 0.17983651161193848, 0.2288828343153, 0.2697547674179077, 0.3007493317127228, 0.3630790114402771, 0.39679837226867676, 0.06573569774627686, 0.10694822669029236, 0.14339236915111542, 0.1743869185447693, 0.2023160755634308, 0.22275204956531525, 0.22377383708953857, 0.25579020380973816, 0.2649863660335541, 0.29325613379478455, 0.30756130814552307, 0.32391008734703064]}