{
  "loss": 4.082928657531738,
  "accuracy": 0.1287386268377304
}