{"accuracy": [0.010416666977107525, 0.01945795677602291, 0.023627519607543945, 0.02779708057641983, 0.041695620864629745, 0.05281445384025574, 0.07783182710409164, 0.08895066380500793, 0.12161222845315933, 0.13551077246665955, 0.17095205187797546, 0.19944405555725098, 0.2307157814502716, 0.2779708206653595, 0.3002084791660309, 0.34815844893455505, 0.3724808990955353, 0.4072272479534149, 0.45378735661506653, 0.4982626736164093, 0.5316191911697388, 0.5316191911697388, 0.5413481593132019], "loss": [4.734204292297363, 4.626429080963135, 4.560947418212891, 4.472528457641602, 4.407231330871582, 4.322879314422607, 4.240444183349609, 4.1806559562683105, 4.108615398406982, 4.03902530670166, 3.9624814987182617, 3.8715412616729736, 3.788126230239868, 3.6870031356811523, 3.6123037338256836, 3.523876905441284, 3.423168420791626, 3.349513053894043, 3.226895809173584, 3.129019260406494, 3.073599100112915, 3.0274875164031982, 2.9885010719299316], "val_accuracy": [0.005681818351149559, 0.014204545877873898, 0.008522727526724339, 0.005681818351149559, 0.008522727526724339, 0.008522727526724339, 0.008522727526724339, 0.014204545877873898, 0.008522727526724339, 0.011363636702299118, 0.008522727526724339, 0.008522727526724339, 0.014204545877873898, 0.014204545877873898, 0.011363636702299118, 0.014204545877873898, 0.014204545877873898, 0.014204545877873898, 0.014204545877873898, 0.014204545877873898, 0.014204545877873898, 0.014204545877873898, 0.014204545877873898], "val_loss": [4.699795246124268, 4.705403804779053, 4.703814506530762, 4.694202899932861, 4.684323310852051, 4.678135395050049, 4.669859409332275, 4.666423320770264, 4.661627292633057, 4.657549858093262, 4.6546244621276855, 4.653905868530273, 4.651284694671631, 4.651622295379639, 4.651100158691406, 4.653014659881592, 4.65263032913208, 4.655594348907471, 4.65733528137207, 4.6581130027771, 4.659416675567627, 4.6596856117248535, 4.6628947257995605], "learning_rate": [9.999999747378752e-06, 9.999999747378752e-06, 9.999999747378752e-06, 9.999999747378752e-06, 9.999999747378752e-06, 9.999999747378752e-06, 9.999999747378752e-06, 9.999999747378752e-06, 9.999999747378752e-06, 9.999999747378752e-06, 9.999999747378752e-06, 9.999999747378752e-06, 9.999999747378752e-06, 9.999999747378752e-06, 9.999999747378752e-06, 9.999999747378752e-06, 9.999999747378752e-06, 9.999999747378752e-06, 9.999999747378752e-06, 4.999999873689376e-06, 4.999999873689376e-06, 4.999999873689376e-06, 4.999999873689376e-06]}