{"loss": [5.325949668884277, 5.160893440246582, 5.002969264984131, 4.825906276702881, 4.614988327026367], "accuracy": [0.007133152335882187, 0.020040761679410934, 0.039402175694704056, 0.07099185138940811, 0.09986413270235062], "val_loss": [5.2563886642456055, 5.176485538482666, 5.079460620880127, 4.972519397735596, 4.840015888214111], "val_accuracy": [0.015442690812051296, 0.025737818330526352, 0.047700755298137665, 0.051475636661052704, 0.07000686228275299], "lr": [9.999999747378752e-05, 9.999999747378752e-05, 9.999999747378752e-05, 9.999999747378752e-05, 9.999999747378752e-05]}