{"accuracy": [0.007133152335882187, 0.020040761679410934, 0.039402175694704056, 0.07099185138940811, 0.09986413270235062, 0.028872283175587654, 0.04313858598470688, 0.05197010934352875, 0.05944293364882469, 0.07472825795412064, 0.07438858598470688], "lr": [9.999999747378752e-05, 9.999999747378752e-05, 9.999999747378752e-05, 9.999999747378752e-05, 9.999999747378752e-05, 9.999999747378752e-06, 9.999999747378752e-06, 9.999999747378752e-06, 9.999999747378752e-06, 4.999999873689376e-06, 4.999999873689376e-06], "val_accuracy": [0.015442690812051296, 0.025737818330526352, 0.047700755298137665, 0.051475636661052704, 0.07000686228275299, 0.05593685805797577, 0.05216197669506073, 0.04701441153883934, 0.05113246291875839, 0.04873026907444, 0.04735758528113365], "val_loss": [5.2563886642456055, 5.176485538482666, 5.079460620880127, 4.972519397735596, 4.840015888214111, 4.837015151977539, 4.863363265991211, 4.869166374206543, 4.8567705154418945, 4.8703694343566895, 4.870336532592773], "loss": [5.325949668884277, 5.160893440246582, 5.002969264984131, 4.825906276702881, 4.614988327026367, 5.049537658691406, 4.926483154296875, 4.83160400390625, 4.760087490081787, 4.690686225891113, 4.671308517456055]}