{
  "precision": 0.15945899458055637,
  "recall": 0.15026759983532317,
  "f1_score": 0.14043454022126667
}