{
  "loss": [
    5.503839015960693,
    5.44464635848999,
    5.451263904571533,
    5.418023586273193,
    5.392589569091797,
    5.380475044250488
  ],
  "accuracy": [
    0.00509510887786746,
    0.00611413037404418,
    0.006793478038161993,
    0.008152173832058907,
    0.00509510887786746,
    0.0078125
  ],
  "val_loss": [
    5.368977069854736,
    5.4023213386535645,
    5.40653133392334,
    5.402441024780273,
    5.39799165725708,
    5.399975299835205
  ],
  "val_accuracy": [
    0.006175380665808916,
    0.008233841508626938,
    0.004528612829744816,
    0.004940304439514875,
    0.0037052284460514784,
    0.004528612829744816
  ],
  "lr": [
    9.999999747378752e-06,
    9.999999747378752e-06,
    9.999999747378752e-06,
    9.999999747378752e-06,
    4.999999873689376e-06,
    4.999999873689376e-06
  ]
}