{
  "lr": [
    9.999999747378752e-05,
    9.999999747378752e-05,
    9.999999747378752e-05,
    9.999999747378752e-05,
    4.999999873689376e-05,
    4.999999873689376e-05,
    9.999999747378752e-06,
    9.999999747378752e-06,
    9.999999747378752e-06,
    9.999999747378752e-06,
    4.999999873689376e-06,
    4.999999873689376e-06
  ],
  "val_accuracy": [
    0.007822149433195591,
    0.012350761331617832,
    0.007822149433195591,
    0.007822149433195591,
    0.010703993029892445,
    0.009468916803598404,
    0.006175380665808916,
    0.008233841508626938,
    0.004528612829744816,
    0.004940304439514875,
    0.0037052284460514784,
    0.004528612829744816
  ],
  "loss": [
    5.5218987464904785,
    5.423421859741211,
    5.363022804260254,
    5.325276851654053,
    5.277785778045654,
    5.244351387023926,
    5.503839015960693,
    5.44464635848999,
    5.451263904571533,
    5.418023586273193,
    5.392589569091797,
    5.380475044250488
  ],
  "accuracy": [
    0.004076086916029453,
    0.00611413037404418,
    0.006793478038161993,
    0.01120923925191164,
    0.0078125,
    0.014266304671764374,
    0.00509510887786746,
    0.00611413037404418,
    0.006793478038161993,
    0.008152173832058907,
    0.00509510887786746,
    0.0078125
  ],
  "val_loss": [
    5.318896770477295,
    5.333902835845947,
    5.3474297523498535,
    5.337210655212402,
    5.329689979553223,
    5.323517799377441,
    5.368977069854736,
    5.4023213386535645,
    5.40653133392334,
    5.402441024780273,
    5.39799165725708,
    5.399975299835205
  ]
}