{
  "precision": 0.003529199109620033,
  "recall": 0.006175380815150268,
  "f1_score": 0.0032285220481319057
}