{"accuracy": [0.006868131924420595, 0.09828178584575653, 0.2659793794155121, 0.4735395312309265, 0.6254295706748962, 0.7807559967041016, 0.8721649646759033, 0.9415807723999023, 0.9793814420700073, 0.9951890110969543], "loss": [4.764029502868652, 4.172486305236816, 3.618189573287964, 2.9535129070281982, 2.3353593349456787, 1.78146493434906, 1.292862057685852, 0.9109275937080383, 0.5972493290901184, 0.406266987323761], "val_accuracy": [0.019021738320589066, 0.029891304671764374, 0.019021738320589066, 0.032608695328235626, 0.027173912152647972, 0.03804347664117813, 0.02445652149617672, 0.02445652149617672, 0.04076087102293968, 0.054347824305295944], "val_loss": [4.6256256103515625, 4.588803291320801, 4.583254337310791, 4.5771002769470215, 4.633541107177734, 4.609995365142822, 4.659729480743408, 4.6471052169799805, 4.618799209594727, 4.631093502044678], "learning_rate": [9.999999747378752e-05, 9.999999747378752e-05, 9.999999747378752e-05, 9.999999747378752e-05, 9.999999747378752e-05, 9.999999747378752e-05, 9.999999747378752e-05, 9.999999747378752e-05, 4.999999873689376e-05, 4.999999873689376e-05]}