{
  "val_loss": [
    5.195209503173828,
    5.046082973480225,
    4.893558502197266,
    4.674162864685059,
    4.4468092918396,
    4.532328128814697,
    4.67828893661499,
    4.765865325927734,
    4.812920093536377,
    4.834402084350586,
    4.841867923736572
  ],
  "loss": [
    5.334134101867676,
    5.193065166473389,
    5.04810905456543,
    4.872003078460693,
    4.68757438659668,
    5.117363452911377,
    5.077954292297363,
    5.055834770202637,
    5.017866611480713,
    4.99872350692749,
    4.96082067489624
  ],
  "val_accuracy": [
    0.021138764917850494,
    0.059324923902750015,
    0.09614729136228561,
    0.15683600306510925,
    0.1953631043434143,
    0.1360381841659546,
    0.10398908704519272,
    0.09171497076749802,
    0.07603136450052261,
    0.06443914026021957,
    0.06341629475355148
  ],
  "accuracy": [
    0.005434782709926367,
    0.022758152335882187,
    0.04381793364882469,
    0.06148097664117813,
    0.09205163270235062,
    0.021739130839705467,
    0.025135869160294533,
    0.03294837102293968,
    0.035665761679410934,
    0.035665761679410934,
    0.03736412897706032
  ]
}