{"loss": [5.403642177581787, 5.271663665771484, 5.199787139892578, 5.1102118492126465, 5.000403881072998, 4.836583137512207, 4.730510234832764, 5.342055797576904, 5.304121017456055, 5.273463726043701, 5.238564491271973, 5.22709321975708], "learning_rate": [9.999999747378752e-05, 9.999999747378752e-05, 9.999999747378752e-05, 9.999999747378752e-05, 9.999999747378752e-05, 4.999999873689376e-05, 4.999999873689376e-05, 9.999999747378752e-06, 9.999999747378752e-06, 9.999999747378752e-06, 4.999999873689376e-06, 4.999999873689376e-06], "val_loss": [5.347327709197998, 5.340359687805176, 5.346628665924072, 5.346371173858643, 5.364582061767578, 5.36972713470459, 5.3793487548828125, 5.350531578063965, 5.340543746948242, 5.341335773468018, 5.341155052185059, 5.341384410858154], "val_accuracy": [0.0061349691823124886, 0.0051124743185937405, 0.00920245423913002, 0.0030674845911562443, 0.004089979454874992, 0.00920245423913002, 0.0061349691823124886, 0.0061349691823124886, 0.002044989727437496, 0.002044989727437496, 0.002044989727437496, 0.0061349691823124886], "accuracy": [0.007113821338862181, 0.007621951401233673, 0.01981707289814949, 0.02388211339712143, 0.0416666679084301, 0.059959348291158676, 0.07876016199588776, 0.005589430686086416, 0.007621951401233673, 0.009654471650719643, 0.01981707289814949, 0.013719512149691582]}