{
  "accuracy": [
    0.029872389510273933,
    0.10150811821222305,
    0.2540603280067444,
    0.43938514590263367,
    0.58149653673172,
    0.63950115442276,
    0.6734338998794556,
    0.686194896697998,
    0.70649653673172,
    0.7412993311882019,
    0.7465197443962097,
    0.7633410692214966
  ],
  "loss": [
    3.856682538986206,
    3.4497787952423096,
    2.7975611686706543,
    2.2032358646392822,
    1.795414686203003,
    1.5445574522018433,
    1.3925422430038452,
    1.2669322490692139,
    1.1330153942108154,
    1.0762577056884766,
    1.1066581010818481,
    1.0002191066741943
  ],
  "val_accuracy": [
    0.055813953280448914,
    0.07325581461191177,
    0.07441860437393188,
    0.10000000149011612,
    0.11279069632291794,
    0.11162790656089783,
    0.13953489065170288,
    0.1523255854845047,
    0.17093023657798767,
    0.18720930814743042,
    0.22674418985843658,
    0.22558139264583588
  ],
  "val_loss": [
    3.779101610183716,
    3.751849889755249,
    3.752441167831421,
    3.6861636638641357,
    3.6309587955474854,
    3.600114107131958,
    3.675477981567383,
    3.7766242027282715,
    3.6757068634033203,
    3.7309327125549316,
    3.5785045623779297,
    3.6737592220306396
  ]
}