{
  "fold_val_accuracies": [
    0.0476190485060215,
    0.03401360660791397,
    0.040816325694322586
  ],
  "mean_val_accuracy": 0.04081632693608602
}