{"accuracy": [0.04062499850988388, 0.05624999850988388, 0.08124999701976776, 0.140625, 0.16562500596046448, 0.03750000149011612, 0.03750000149011612, 0.05624999850988388, 0.04374999925494194, 0.05937499925494194], "val_accuracy": [0.027210883796215057, 0.0476190485060215, 0.027210883796215057, 0.020408162847161293, 0.020408162847161293, 0.020408162847161293, 0.020408162847161293, 0.020408162847161293, 0.027210883796215057, 0.020408162847161293], "learning_rate": [9.999999747378752e-05, 9.999999747378752e-05, 9.999999747378752e-05, 9.999999747378752e-05, 4.999999873689376e-05, 4.999999873689376e-06, 4.999999873689376e-06, 4.999999873689376e-06, 2.499999936844688e-06, 2.499999936844688e-06], "loss": [3.5668816566467285, 3.3588314056396484, 3.2636630535125732, 3.1293511390686035, 3.0260536670684814, 3.552936553955078, 3.567939043045044, 3.4935882091522217, 3.5183937549591064, 3.480626344680786], "val_loss": [3.456237554550171, 3.4675843715667725, 3.4730381965637207, 3.4768948554992676, 3.4789867401123047, 3.4634387493133545, 3.4719631671905518, 3.4792990684509277, 3.481071710586548, 3.481316089630127]}