{"accuracy": [0.02187499962747097, 0.06875000149011612, 0.11562500149011612, 0.14374999701976776, 0.17499999701976776, 0.01875000074505806, 0.05000000074505806, 0.03437500074505806, 0.07187499850988388, 0.05937499925494194, 0.03750000149011612, 0.05312500149011612], "val_accuracy": [0.020408162847161293, 0.020408162847161293, 0.027210883796215057, 0.020408162847161293, 0.020408162847161293, 0.013605441898107529, 0.027210883796215057, 0.020408162847161293, 0.027210883796215057, 0.027210883796215057, 0.03401360660791397, 0.03401360660791397], "learning_rate": [9.999999747378752e-05, 9.999999747378752e-05, 9.999999747378752e-05, 9.999999747378752e-05, 4.999999873689376e-05, 4.999999873689376e-06, 4.999999873689376e-06, 4.999999873689376e-06, 4.999999873689376e-06, 4.999999873689376e-06, 2.499999936844688e-06, 2.499999936844688e-06], "loss": [3.600991725921631, 3.431361675262451, 3.2343780994415283, 3.1505959033966064, 3.043832302093506, 3.615267276763916, 3.448490619659424, 3.4776203632354736, 3.340766429901123, 3.439545154571533, 3.459362506866455, 3.4076125621795654], "val_loss": [3.4737911224365234, 3.484564781188965, 3.498541831970215, 3.5046308040618896, 3.5039801597595215, 3.467000722885132, 3.465397834777832, 3.4688470363616943, 3.4705111980438232, 3.470486879348755, 3.475242853164673, 3.4824023246765137]}