{"accuracy": [0.046875, 0.06562499701976776, 0.11249999701976776, 0.15937499701976776, 0.16562500596046448, 0.06562499701976776, 0.046875, 0.06875000149011612, 0.05312500149011612, 0.09062500298023224], "val_accuracy": [0.027210883796215057, 0.027210883796215057, 0.040816325694322586, 0.03401360660791397, 0.040816325694322586, 0.040816325694322586, 0.020408162847161293, 0.027210883796215057, 0.020408162847161293, 0.020408162847161293], "learning_rate": [9.999999747378752e-05, 9.999999747378752e-05, 9.999999747378752e-05, 9.999999747378752e-05, 9.999999747378752e-05, 4.999999873689376e-06, 4.999999873689376e-06, 4.999999873689376e-06, 2.499999936844688e-06, 2.499999936844688e-06], "loss": [3.6156227588653564, 3.3572185039520264, 3.242975950241089, 3.1136486530303955, 3.0186619758605957, 3.4445157051086426, 3.4000906944274902, 3.4068596363067627, 3.369786500930786, 3.3552775382995605], "val_loss": [3.5227909088134766, 3.5161514282226562, 3.5130956172943115, 3.507706642150879, 3.5092461109161377, 3.5140936374664307, 3.52524733543396, 3.5298147201538086, 3.5293314456939697, 3.5268168449401855]}