{
  "loss": 3.461052894592285,
  "accuracy": 0.03333333507180214
}