{
  "precision": 0.1643934707292188,
  "recall": 0.13023255813953488,
  "f1": 0.09415105725388934
}