{
  "fold_val_accuracies": [
    0.012219958938658237,
    0.010204081423580647,
    0.014285714365541935
  ],
  "mean_val_accuracy": 0.012236584909260273
}