{"val_accuracy": [0.01224489789456129, 0.010204081423580647, 0.01224489789456129, 0.014285714365541935, 0.008163264952600002, 0.006122448947280645, 0.01224489789456129, 0.006122448947280645, 0.004081632476300001, 0.010204081423580647, 0.0020408162381500006, 0.0], "accuracy": [0.010080644860863686, 0.015120967291295528, 0.02822580561041832, 0.04334677383303642, 0.06754032522439957, 0.016129031777381897, 0.016129031777381897, 0.012096773833036423, 0.01713709719479084, 0.021169355139136314, 0.02318548411130905, 0.03629032149910927], "learning_rate": [9.999999747378752e-05, 9.999999747378752e-05, 9.999999747378752e-05, 9.999999747378752e-05, 9.999999747378752e-05, 4.999999873689376e-06, 4.999999873689376e-06, 4.999999873689376e-06, 4.999999873689376e-06, 2.499999936844688e-06, 2.499999936844688e-06, 2.499999936844688e-06], "val_loss": [4.691315174102783, 4.680384635925293, 4.671178340911865, 4.675791263580322, 4.675044536590576, 4.655355930328369, 4.662623882293701, 4.6692962646484375, 4.6757049560546875, 4.680459976196289, 4.684186935424805, 4.687389850616455], "loss": [4.74734354019165, 4.583688259124756, 4.482751846313477, 4.405081272125244, 4.304140090942383, 4.666414737701416, 4.65077018737793, 4.612307071685791, 4.575253963470459, 4.560323715209961, 4.542290687561035, 4.504246234893799]}