{"val_accuracy": [0.006122448947280645, 0.010204081423580647, 0.008163264952600002, 0.004081632476300001, 0.006122448947280645, 0.006122448947280645, 0.004081632476300001, 0.006122448947280645, 0.0, 0.004081632476300001, 0.004081632476300001], "accuracy": [0.012096773833036423, 0.021169355139136314, 0.02318548411130905, 0.055443547666072845, 0.05040322616696358, 0.011088709346950054, 0.012096773833036423, 0.012096773833036423, 0.018145160749554634, 0.015120967291295528, 0.012096773833036423], "learning_rate": [9.999999747378752e-05, 9.999999747378752e-05, 9.999999747378752e-05, 9.999999747378752e-05, 4.999999873689376e-05, 4.999999873689376e-06, 4.999999873689376e-06, 4.999999873689376e-06, 2.499999936844688e-06, 2.499999936844688e-06, 2.499999936844688e-06], "val_loss": [4.663003921508789, 4.6669745445251465, 4.664798736572266, 4.666541576385498, 4.668869495391846, 4.692205429077148, 4.698531150817871, 4.694478988647461, 4.689388751983643, 4.6843461990356445, 4.680710792541504], "loss": [4.765995502471924, 4.576701641082764, 4.488894939422607, 4.40617561340332, 4.332273483276367, 4.732889652252197, 4.672958850860596, 4.670989990234375, 4.594374656677246, 4.613051891326904, 4.595394134521484]}