{"val_accuracy": [0.008146639913320541, 0.006109979469329119, 0.004073319956660271, 0.0020366599783301353, 0.0020366599783301353, 0.008146639913320541, 0.010183298960328102, 0.012219958938658237, 0.008146639913320541, 0.012219958938658237, 0.012219958938658237, 0.010183298960328102, 0.010183298960328102, 0.004073319956660271, 0.006109979469329119, 0.008146639913320541, 0.006109979469329119, 0.006109979469329119, 0.006109979469329119, 0.006109979469329119, 0.006109979469329119, 0.006109979469329119, 0.006109979469329119, 0.006109979469329119, 0.008146639913320541], "accuracy": [0.009072580374777317, 0.02217741869390011, 0.027217742055654526, 0.05443548411130905, 0.06552419066429138, 0.012096773833036423, 0.01411290280520916, 0.02520161308348179, 0.026209676638245583, 0.021169355139136314, 0.027217742055654526, 0.027217742055654526, 0.035282257944345474, 0.03629032149910927, 0.03629032149910927, 0.02520161308348179, 0.03629032149910927, 0.04032257944345474, 0.038306452333927155, 0.0463709682226181, 0.04233871027827263, 0.0473790317773819, 0.0463709682226181, 0.04233871027827263, 0.052419353276491165], "learning_rate": [9.999999747378752e-05, 9.999999747378752e-05, 9.999999747378752e-05, 9.999999747378752e-05, 9.999999747378752e-05, 4.999999873689376e-06, 4.999999873689376e-06, 4.999999873689376e-06, 2.499999936844688e-06, 2.499999936844688e-06, 2.499999936844688e-06, 2.499999936844688e-06, 2.499999936844688e-06, 2.499999936844688e-06, 2.499999936844688e-06, 2.499999936844688e-06, 2.499999936844688e-06, 1.249999968422344e-06, 1.249999968422344e-06, 1.249999968422344e-06, 1.249999968422344e-06, 1.249999968422344e-06, 1.249999968422344e-06, 1.249999968422344e-06, 1.249999968422344e-06], "val_loss": [4.691223621368408, 4.686017990112305, 4.683690547943115, 4.693209648132324, 4.696220874786377, 4.688007831573486, 4.68798303604126, 4.684543132781982, 4.6744208335876465, 4.664262771606445, 4.660106658935547, 4.656210899353027, 4.652106285095215, 4.649970531463623, 4.650381088256836, 4.650876045227051, 4.650222301483154, 4.649603366851807, 4.649076461791992, 4.64915132522583, 4.64896821975708, 4.648694038391113, 4.648592948913574, 4.648438453674316, 4.648377895355225], "loss": [4.751812934875488, 4.582687854766846, 4.478799343109131, 4.388162612915039, 4.321931838989258, 4.695876121520996, 4.634009838104248, 4.600277423858643, 4.58131217956543, 4.546096324920654, 4.542569160461426, 4.547488212585449, 4.518466949462891, 4.4839558601379395, 4.496057987213135, 4.4612135887146, 4.4727888107299805, 4.456606388092041, 4.440410137176514, 4.43769645690918, 4.434728145599365, 4.408036708831787, 4.4098734855651855, 4.400552749633789, 4.3870110511779785]}