{
  "precision": 0.013673818662992249,
  "recall": 0.007157464212678937,
  "f1_score": 0.006307498728696105
}