{
  "precision": 0.01175301025764116,
  "recall": 0.007164790174002047,
  "f1_score": 0.006061953685076201
}