{
  "precision": 0.001644282319128945,
  "recall": 0.002044989775051125,
  "f1_score": 0.0014265050625966384
}