{
  "loss": 4.381311893463135,
  "accuracy": 0.09752926230430603
}