{"accuracy": [0.006382978521287441, 0.005673758685588837, 0.015602837316691875, 0.014184396713972092, 0.021985815837979317, 0.024822695180773735, 0.04468085244297981, 0.05390070751309395], "loss": [5.367172718048096, 5.285173416137695, 5.248406887054443, 5.1998820304870605, 5.14478874206543, 5.068371295928955, 4.953038215637207, 4.862280368804932], "val_accuracy": [0.0, 0.0030030030757188797, 0.006006006151437759, 0.0, 0.0030030030757188797, 0.006006006151437759, 0.0030030030757188797, 0.009009009227156639], "val_loss": [5.320793151855469, 5.318833827972412, 5.3118672370910645, 5.320361614227295, 5.334452152252197, 5.328949928283691, 5.340421199798584, 5.352686405181885]}