{
  "loss": 4.399035453796387,
  "accuracy": 0.09102730453014374
}