{"phase1": {"accuracy": [0.009615384973585606, 0.02474226802587509, 0.03505154699087143, 0.047422681003808975, 0.06116838380694389, 0.08728522062301636, 0.10996563732624054, 0.15257732570171356, 0.18625429272651672, 0.1896907240152359], "loss": [4.785112380981445, 4.594388484954834, 4.503189563751221, 4.42865514755249, 4.330252647399902, 4.188155651092529, 4.054543972015381, 3.8510544300079346, 3.6788747310638428, 3.57910418510437], "val_accuracy": [0.013586956076323986, 0.019021738320589066, 0.021739130839705467, 0.02445652149617672, 0.029891304671764374, 0.032608695328235626, 0.032608695328235626, 0.032608695328235626, 0.03532608598470688, 0.03532608598470688], "val_loss": [4.636022567749023, 4.6166911125183105, 4.593448638916016, 4.581098556518555, 4.558811187744141, 4.557040691375732, 4.528027534484863, 4.514645576477051, 4.499270915985107, 4.471729755401611], "learning_rate": [9.999999747378752e-05, 9.999999747378752e-05, 9.999999747378752e-05, 9.999999747378752e-05, 9.999999747378752e-05, 9.999999747378752e-05, 9.999999747378752e-05, 9.999999747378752e-05, 9.999999747378752e-05, 9.999999747378752e-05]}, "phase2": {"accuracy": [0.03434066101908684, 0.060481101274490356, 0.08591065555810928, 0.10790377855300903, 0.14226804673671722, 0.15601374208927155, 0.16975945234298706, 0.16219931840896606], "loss": [4.439586639404297, 4.262622356414795, 4.127589702606201, 3.9982452392578125, 3.867748975753784, 3.798454523086548, 3.723710298538208, 3.690703868865967], "val_accuracy": [0.010869565419852734, 0.021739130839705467, 0.013586956076323986, 0.013586956076323986, 0.016304347664117813, 0.016304347664117813, 0.019021738320589066, 0.016304347664117813], "val_loss": [4.553285598754883, 4.564716815948486, 4.5634989738464355, 4.5534443855285645, 4.549399375915527, 4.5443034172058105, 4.539404392242432, 4.534301280975342], "learning_rate": [9.999999747378752e-06, 9.999999747378752e-06, 9.999999747378752e-06, 9.999999747378752e-06, 4.999999873689376e-06, 4.999999873689376e-06, 4.999999873689376e-06, 4.999999873689376e-06]}}