{"accuracy": [7.48055026633665e-05, 0.0003990323457401246, 0.0008728832472115755, 0.0010973389726132154, 0.0017707060324028134, 0.0022196173667907715], "loss": [7.923380374908447, 7.836493492126465, 7.65961217880249, 7.508935928344727, 7.403893947601318, 7.339117527008057], "val_accuracy": [0.0005832037422806025, 0.00029160187114030123, 0.00019440124742686749, 0.0005832037422806025, 0.0005832037422806025, 9.720062371343374e-05], "val_loss": [7.916018486022949, 7.9499735832214355, 7.98587703704834, 7.9981608390808105, 8.016908645629883, 8.030953407287598]}