{"loss": [5.409762859344482, 5.272700786590576, 5.2049946784973145, 5.11161470413208, 5.018752098083496, 4.871469020843506, 4.74761962890625, 5.325605392456055, 5.300236701965332, 5.268126487731934, 5.2335638999938965, 5.2093505859375, 5.212993621826172], "learning_rate": [9.999999747378752e-05, 9.999999747378752e-05, 9.999999747378752e-05, 9.999999747378752e-05, 9.999999747378752e-05, 4.999999873689376e-05, 4.999999873689376e-05, 9.999999747378752e-06, 9.999999747378752e-06, 9.999999747378752e-06, 9.999999747378752e-06, 4.999999873689376e-06, 4.999999873689376e-06], "val_loss": [5.333713054656982, 5.331596374511719, 5.333563327789307, 5.348158359527588, 5.355723857879639, 5.352407455444336, 5.355730056762695, 5.326632499694824, 5.328564643859863, 5.336433410644531, 5.33152961730957, 5.332015037536621, 5.331961154937744], "val_accuracy": [0.00920245423913002, 0.007157464046031237, 0.0030674845911562443, 0.007157464046031237, 0.004089979454874992, 0.010224948637187481, 0.012269938364624977, 0.00920245423913002, 0.007157464046031237, 0.004089979454874992, 0.0051124743185937405, 0.002044989727437496, 0.0061349691823124886], "accuracy": [0.0045731705613434315, 0.0035569106694310904, 0.014735772274434566, 0.026422765105962753, 0.03607723489403725, 0.05487804859876633, 0.07825203239917755, 0.006097560748457909, 0.008638211525976658, 0.009654471650719643, 0.010670731775462627, 0.01676829345524311, 0.017276423051953316]}