{"loss": [5.425484657287598, 5.27379846572876, 5.20142936706543, 5.1253862380981445, 5.022372245788574, 4.855845928192139, 4.762428283691406, 5.3198771476745605, 5.287698268890381, 5.251484394073486, 5.240095615386963, 5.217446327209473, 5.17484188079834, 5.154848098754883, 5.124790191650391, 5.097322940826416, 5.060252666473389, 5.022608757019043, 5.002767562866211, 4.979919910430908], "learning_rate": [9.999999747378752e-05, 9.999999747378752e-05, 9.999999747378752e-05, 9.999999747378752e-05, 9.999999747378752e-05, 4.999999873689376e-05, 4.999999873689376e-05, 9.999999747378752e-06, 9.999999747378752e-06, 9.999999747378752e-06, 9.999999747378752e-06, 9.999999747378752e-06, 9.999999747378752e-06, 9.999999747378752e-06, 9.999999747378752e-06, 9.999999747378752e-06, 9.999999747378752e-06, 9.999999747378752e-06, 4.999999873689376e-06, 4.999999873689376e-06], "val_loss": [5.346861839294434, 5.345043182373047, 5.350255966186523, 5.361801624298096, 5.359544277191162, 5.359899044036865, 5.3675618171691895, 5.343635082244873, 5.342722415924072, 5.347421169281006, 5.345048904418945, 5.340900897979736, 5.34110689163208, 5.341425895690918, 5.336629867553711, 5.3386359214782715, 5.342032432556152, 5.341863632202148, 5.3436384201049805, 5.337516784667969], "val_accuracy": [0.004094165749847889, 0.008188331499695778, 0.0030706243123859167, 0.004094165749847889, 0.009211872704327106, 0.009211872704327106, 0.004094165749847889, 0.0020470828749239445, 0.006141248624771833, 0.005117707420140505, 0.004094165749847889, 0.005117707420140505, 0.006141248624771833, 0.005117707420140505, 0.007164790295064449, 0.009211872704327106, 0.005117707420140505, 0.008188331499695778, 0.008188331499695778, 0.005117707420140505], "accuracy": [0.005589430686086416, 0.012703252024948597, 0.010670731775462627, 0.028963414952158928, 0.04573170840740204, 0.0630081295967102, 0.07520325481891632, 0.005589430686086416, 0.006605691276490688, 0.008130080997943878, 0.014735772274434566, 0.018292682245373726, 0.016260161995887756, 0.02083333395421505, 0.024390242993831635, 0.026422765105962753, 0.03607723489403725, 0.046239838004112244, 0.040142275393009186, 0.04674796760082245]}