{"accuracy": [0.0, 0.0, 0.0, 0.0], "loss": [8.056892395019531, 8.51693058013916, 8.752327919006348, 8.904102325439453], "val_accuracy": [0.00036805300624109805, 0.00036805300624109805, 0.00036805300624109805, 0.00036805300624109805], "val_loss": [8.050435066223145, 8.020081520080566, 8.072884559631348, 8.069785118103027]}