{"accuracy": [0.0, 0.0, 0.0], "loss": [8.278631210327148, 8.508557319641113, 8.700801849365234], "val_accuracy": [0.00036805300624109805, 0.00036805300624109805, 0.00036805300624109805], "val_loss": [7.9900221824646, 8.05243968963623, 8.075765609741211]}