{
  "fold_val_accuracies": [
    0.012269938364624977,
    0.00920245423913002,
    0.009211872704327106
  ],
  "mean_val_accuracy": 0.010228088436027368
}