{
  "loss": 5.313509464263916,
  "accuracy": 0.005201560445129871
}