{
  "accuracy": [
    0.03683294728398323,
    0.11803944408893585,
    0.28596287965774536,
    0.4530162513256073,
    0.4849188029766083,
    0.5820765495300293
  ],
  "loss": [
    3.860161781311035,
    3.387152671813965,
    2.7064595222473145,
    2.1687021255493164,
    2.0017144680023193,
    1.705011010169983
  ],
  "val_accuracy": [
    0.03953488543629646,
    0.06976744532585144,
    0.0546511635184288,
    0.06162790581583977,
    0.05116279050707817,
    0.07325581461191177
  ],
  "val_loss": [
    3.8580009937286377,
    3.866079807281494,
    3.8868324756622314,
    3.9258484840393066,
    4.055367469787598,
    4.015109062194824
  ]
}