{
  "val_loss": [
    3.8580009937286377,
    3.866079807281494,
    3.8868324756622314,
    3.9258484840393066,
    4.055367469787598,
    4.015109062194824,
    3.73812198638916,
    3.6753642559051514,
    3.615905284881592,
    3.5584537982940674,
    3.4968886375427246,
    3.4440689086914062,
    3.3831069469451904,
    3.3227529525756836,
    3.2718346118927,
    3.2098958492279053,
    3.156759738922119,
    3.0997045040130615
  ],
  "accuracy": [
    0.03683294728398323,
    0.11803944408893585,
    0.28596287965774536,
    0.4530162513256073,
    0.4849188029766083,
    0.5820765495300293,
    0.07830626517534256,
    0.14646171033382416,
    0.1812645047903061,
    0.21316705644130707,
    0.23317866027355194,
    0.26421114802360535,
    0.2824825942516327,
    0.3126450181007385,
    0.33903712034225464,
    0.37006959319114685,
    0.4095127582550049,
    0.44547563791275024
  ],
  "val_accuracy": [
    0.03953488543629646,
    0.06976744532585144,
    0.0546511635184288,
    0.06162790581583977,
    0.05116279050707817,
    0.07325581461191177,
    0.06395348906517029,
    0.0872092992067337,
    0.10116279125213623,
    0.11627907305955887,
    0.13372093439102173,
    0.15465116500854492,
    0.1837209314107895,
    0.21162790060043335,
    0.22093023359775543,
    0.2383720874786377,
    0.2488372027873993,
    0.25
  ],
  "loss": [
    3.860161781311035,
    3.387152671813965,
    2.7064595222473145,
    2.1687021255493164,
    2.0017144680023193,
    1.705011010169983,
    3.772111415863037,
    3.659174680709839,
    3.5477747917175293,
    3.4315950870513916,
    3.326449155807495,
    3.204617977142334,
    3.104623794555664,
    2.9900405406951904,
    2.8831942081451416,
    2.7679054737091064,
    2.6735777854919434,
    2.540168046951294
  ]
}