{"accuracy": [0.0028409091755747795, 0.004992867354303598, 0.009272468276321888, 0.012838801369071007, 0.018544936552643776, 0.03209700435400009, 0.03708987310528755, 0.047075606882572174, 0.06776034086942673], "loss": [5.385831832885742, 5.298458099365234, 5.2491960525512695, 5.213987350463867, 5.160353660583496, 5.080962657928467, 5.0101318359375, 4.896509647369385, 4.820691108703613], "val_accuracy": [0.0030487803742289543, 0.009146341122686863, 0.0030487803742289543, 0.0030487803742289543, 0.0, 0.0030487803742289543, 0.0030487803742289543, 0.0030487803742289543, 0.0030487803742289543], "val_loss": [5.3085174560546875, 5.300839900970459, 5.301089763641357, 5.299815654754639, 5.317465305328369, 5.319796562194824, 5.30861759185791, 5.319463729858398, 5.323932647705078]}