{
  "fold_val_accuracies": [
    0.014314928092062473,
    0.015337423421442509,
    0.01740020513534546
  ],
  "mean_val_accuracy": 0.015684185549616814
}