{"accuracy": [0.004065040498971939, 0.014227642677724361, 0.012195121496915817, 0.013719512149691582, 0.026422765105962753, 0.034044716507196426, 0.05538617819547653, 0.0625, 0.006097560748457909, 0.004065040498971939, 0.006097560748457909, 0.007621951401233673, 0.011178861372172832, 0.01981707289814949, 0.015243902802467346, 0.018292682245373726, 0.01575203239917755, 0.0259146336466074, 0.026422765105962753, 0.028963414952158928, 0.02693089470267296, 0.03201219439506531, 0.03861788660287857], "val_loss": [5.347785949707031, 5.350588321685791, 5.347484111785889, 5.34787130355835, 5.3581929206848145, 5.348601818084717, 5.353665828704834, 5.351401329040527, 5.384923934936523, 5.381859302520752, 5.378969192504883, 5.372334003448486, 5.370041370391846, 5.365625858306885, 5.355487823486328, 5.356889247894287, 5.36032247543335, 5.36195182800293, 5.3584747314453125, 5.349750518798828, 5.354861259460449, 5.350211143493652, 5.359151363372803], "loss": [5.414827346801758, 5.264172554016113, 5.216618537902832, 5.157395839691162, 5.08318567276001, 4.992513656616211, 4.8520188331604, 4.742517948150635, 5.409359931945801, 5.363247394561768, 5.327594757080078, 5.281621932983398, 5.2709059715271, 5.240499973297119, 5.211302757263184, 5.194222927093506, 5.16310977935791, 5.1269330978393555, 5.10648775100708, 5.107082843780518, 5.077417850494385, 5.0568013191223145, 5.048995494842529], "lr": []
}