{"loss": [5.41018009185791, 5.265528678894043, 5.214824199676514, 5.140003204345703, 5.060579776763916, 4.945340156555176, 4.846141338348389, 4.719376087188721, 4.59027624130249, 4.399595737457275, 4.251988410949707, 4.099928379058838, 3.960190534591675, 3.7753679752349854, 3.6523115634918213], "accuracy": [0.005081300623714924, 0.008130080997943878, 0.016260161995887756, 0.01880081370472908, 0.02693089470267296, 0.03861788660287857, 0.059959348291158676, 0.07063008099794388, 0.0838414654135704, 0.12042682617902756, 0.14075203239917755, 0.17225609719753265, 0.19308942556381226, 0.23272357881069183, 0.24441057443618774], "val_loss": [5.34018611907959, 5.342655181884766, 5.335611343383789, 5.327730178833008, 5.336615085601807, 5.335028648376465, 5.315565586090088, 5.3302154541015625, 5.302178382873535, 5.294530391693115, 5.282665729522705, 5.2889323234558105, 5.2811198234558105, 5.259140491485596, 5.239414215087891], "val_accuracy": [0.004089979454874992, 0.0030674845911562443, 0.004089979454874992, 0.002044989727437496, 0.0061349691823124886, 0.007157464046031237, 0.008179958909749985, 0.008179958909749985, 0.0061349691823124886, 0.013292433694005013, 0.013292433694005013, 0.014314928092062473, 0.015337423421442509, 0.014314928092062473, 0.012269938364624977], "lr": []
}