{"accuracy": [0.005081300623714924, 0.008130080997943878, 0.016260161995887756, 0.01880081370472908, 0.02693089470267296, 0.03861788660287857, 0.059959348291158676, 0.07063008099794388, 0.0838414654135704, 0.12042682617902756, 0.14075203239917755, 0.17225609719753265, 0.19308942556381226, 0.23272357881069183, 0.24441057443618774, 0.0045731705613434315, 0.007113821338862181, 0.008130080997943878, 0.009146341122686863, 0.009146341122686863, 0.010162601247429848, 0.016260161995887756, 0.01676829345524311, 0.02388211339712143, 0.025406504049897194], "val_loss": [5.34018611907959, 5.342655181884766, 5.335611343383789, 5.327730178833008, 5.336615085601807, 5.335028648376465, 5.315565586090088, 5.3302154541015625, 5.302178382873535, 5.294530391693115, 5.282665729522705, 5.2889323234558105, 5.2811198234558105, 5.259140491485596, 5.239414215087891, 5.357203006744385, 5.347992420196533, 5.340213298797607, 5.346060276031494, 5.340092658996582, 5.345239639282227, 5.345710277557373, 5.342325687408447, 5.344366550445557, 5.34196662902832], "loss": [5.41018009185791, 5.265528678894043, 5.214824199676514, 5.140003204345703, 5.060579776763916, 4.945340156555176, 4.846141338348389, 4.719376087188721, 4.59027624130249, 4.399595737457275, 4.251988410949707, 4.099928379058838, 3.960190534591675, 3.7753679752349854, 3.6523115634918213, 5.417837142944336, 5.360503673553467, 5.334340572357178, 5.292253017425537, 5.276747226715088, 5.256357192993164, 5.205397129058838, 5.180173397064209, 5.156527519226074, 5.156435489654541], "lr": []
}