{"loss": [5.393238067626953, 5.282681465148926, 5.218043327331543, 5.156571865081787, 5.082460403442383, 4.985511302947998, 4.881248474121094, 4.7581706047058105, 4.59496545791626, 4.46384859085083, 4.293320178985596, 4.145354270935059, 3.962247848510742, 3.8277289867401123, 3.6873526573181152], "accuracy": [0.006097560748457909, 0.006097560748457909, 0.015243902802467346, 0.018292682245373726, 0.03252032399177551, 0.042174797505140305, 0.04776422679424286, 0.06351625919342041, 0.08739837259054184, 0.09756097197532654, 0.12957316637039185, 0.1468495875597, 0.19308942556381226, 0.1981707364320755, 0.22560974955558777], "val_loss": [5.337734699249268, 5.334035873413086, 5.323587417602539, 5.336162090301514, 5.3325724601745605, 5.3230881690979, 5.331660270690918, 5.333025932312012, 5.319604873657227, 5.31082820892334, 5.279450416564941, 5.278597354888916, 5.269382476806641, 5.2310333251953125, 5.203714847564697], "val_accuracy": [0.005117707420140505, 0.006141248624771833, 0.0020470828749239445, 0.005117707420140505, 0.005117707420140505, 0.007164790295064449, 0.011258956044912338, 0.005117707420140505, 0.008188331499695778, 0.011258956044912338, 0.01023541484028101, 0.014329580590128899, 0.016376662999391556, 0.01023541484028101, 0.01740020513534546], "lr": []
}