{"accuracy": [0.0028368793427944183, 0.004964538849890232, 0.00921985786408186, 0.014893617480993271, 0.01985815539956093, 0.03120567463338375, 0.03971631079912186, 0.04751773178577423, 0.0659574493765831], "loss": [5.37827730178833, 5.286227703094482, 5.2530717849731445, 5.208134174346924, 5.147151470184326, 5.081289291381836, 4.985907077789307, 4.875776290893555, 4.768442153930664], "val_accuracy": [0.006006006151437759, 0.012012012302875519, 0.009009009227156639, 0.006006006151437759, 0.009009009227156639, 0.012012012302875519, 0.009009009227156639, 0.015015015378594398, 0.006006006151437759], "val_loss": [5.317844390869141, 5.317325592041016, 5.316308975219727, 5.314715385437012, 5.32438325881958, 5.32521390914917, 5.338820934295654, 5.326803684234619, 5.342483997344971]}