{"accuracy": [0.008241758681833744, 0.06391752511262894, 0.20000000298023224, 0.30721649527549744, 0.5271477699279785], "loss": [4.791733741760254, 4.318838119506836, 3.8751275539398193, 3.4269065856933594, 2.7574803829193115], "val_accuracy": [0.005434782709926367, 0.010869565419852734, 0.005434782709926367, 0.019021738320589066, 0.008152173832058907], "val_loss": [4.664407730102539, 4.648135185241699, 4.677459239959717, 4.753044605255127, 4.835522651672363], "learning_rate": [9.999999747378752e-05, 9.999999747378752e-05, 9.999999747378752e-05, 9.999999747378752e-05, 4.999999873689376e-05]}